1,0.0,0.0,-0.14936708860759493,-0.11392405063291139,-0.22531645569620254,-0.3012658227848101,-0.16962025316455695,-0.45569620253164556,-0.06329113924050633,-0.5240506329113924,-0.17468354430379746,-0.4759493670886076,-0.20759493670886076,-0.7164556962025317,-0.19746835443037974,-0.8658227848101265,-0.18227848101265823,-1.0,-0.03291139240506329,-0.44556962025316454,0.002531645569620253,-0.5215189873417722,-0.015189873417721518,-0.34177215189873417,-0.053164556962025315,-0.21012658227848102,0.09873417721518987,-0.39746835443037976,0.1291139240506329,-0.44556962025316454,0.08354430379746836,-0.27341772151898736,0.030379746835443037,-0.16455696202531644,0.21518987341772153,-0.3341772151898734,0.25063291139240507,-0.3848101265822785,0.2,-0.26329113924050634,0.14430379746835442,-0.1848101265822785
1,0.0,0.0,-0.14950980392156862,-0.09803921568627451,-0.24754901960784315,-0.2867647058823529,-0.21568627450980393,-0.44362745098039214,-0.12254901960784313,-0.5343137254901961,-0.18627450980392157,-0.4803921568627451,-0.21568627450980393,-0.7230392156862745,-0.21323529411764705,-0.8725490196078431,-0.20833333333333334,-1.0,-0.051470588235294115,-0.45588235294117646,-0.06372549019607843,-0.5318627450980392,-0.08088235294117647,-0.3553921568627451,-0.10049019607843138,-0.2181372549019608,0.0784313725490196,-0.4068627450980392,0.06372549019607843,-0.45098039215686275,0.022058823529411766,-0.2818627450980392,-0.0196078431372549,-0.1715686274509804,0.19607843137254902,-0.3431372549019608,0.18382352941176472,-0.39950980392156865,0.1323529411764706,-0.27941176470588236,0.08823529411764706,-0.19362745098039216
1,0.0,0.0,-0.1608910891089109,-0.06683168316831684,-0.2896039603960396,-0.23514851485148514,-0.32673267326732675,-0.400990099009901,-0.2524752475247525,-0.5222772277227723,-0.2079207920792079,-0.4628712871287129,-0.2524752475247525,-0.7153465346534653,-0.2698019801980198,-0.8688118811881188,-0.27970297029702973,-1.0,-0.08415841584158416,-0.4504950495049505,-0.15346534653465346,-0.5099009900990099,-0.16831683168316833,-0.3193069306930693,-0.15841584158415842,-0.1905940594059406,0.027227722772277228,-0.4183168316831683,-0.04702970297029703,-0.44801980198019803,-0.07425742574257425,-0.25742574257425743,-0.07920792079207921,-0.14356435643564355,0.14108910891089108,-0.3712871287128713,0.06188118811881188,-0.41089108910891087,0.0297029702970297,-0.27722772277227725,0.022277227722772276,-0.19801980198019803
1,0.0,0.0,-0.21081081081081082,-0.05675675675675676,-0.372972972972973,-0.17297297297297298,-0.4756756756756757,-0.2918918918918919,-0.4540540540540541,-0.4297297297297297,-0.21621621621621623,-0.5081081081081081,-0.2972972972972973,-0.7216216216216216,-0.34324324324324323,-0.8729729729729729,-0.372972972972973,-1.0,-0.0918918918918919,-0.527027027027027,-0.32972972972972975,-0.4783783783783784,-0.34324324324324323,-0.2702702702702703,-0.2864864864864865,-0.15675675675675677,0.0,-0.5,-0.24594594594594596,-0.4081081081081081,-0.23513513513513515,-0.22162162162162163,-0.1783783783783784,-0.13243243243243244,0.07567567567567568,-0.43783783783783786,-0.14324324324324325,-0.36486486486486486,-0.13783783783783785,-0.23513513513513515,-0.07837837837837838,-0.1783783783783784
1,0.0,0.0,-0.17914438502673796,-0.058823529411764705,-0.33689839572192515,-0.18716577540106952,-0.4304812834224599,-0.3342245989304813,-0.3850267379679144,-0.45989304812834225,-0.20053475935828877,-0.5133689839572193,-0.26737967914438504,-0.7352941176470589,-0.3074866310160428,-0.8796791443850267,-0.3342245989304813,-1.0,-0.07219251336898395,-0.5374331550802139,-0.27807486631016043,-0.48128342245989303,-0.28609625668449196,-0.27807486631016043,-0.23796791443850268,-0.18181818181818182,0.026737967914438502,-0.5106951871657754,-0.1925133689839572,-0.4037433155080214,-0.18449197860962566,-0.22727272727272727,-0.13903743315508021,-0.15508021390374332,0.10427807486631016,-0.44919786096256686,-0.09090909090909091,-0.3716577540106952,-0.08823529411764706,-0.25133689839572193,-0.040106951871657755,-0.20320855614973263
1,0.0,0.0,-0.17801047120418848,-0.04712041884816754,-0.337696335078534,-0.1806282722513089,-0.42670157068062825,-0.32460732984293195,-0.3795811518324607,-0.450261780104712,-0.22251308900523561,-0.49214659685863876,-0.2879581151832461,-0.7225130890052356,-0.3219895287958115,-0.8717277486910995,-0.34293193717277487,-1.0,-0.0968586387434555,-0.5209424083769634,-0.2696335078534031,-0.4790575916230366,-0.28272251308900526,-0.2801047120418848,-0.2486910994764398,-0.16230366492146597,0.002617801047120419,-0.5026178010471204,-0.18324607329842932,-0.4083769633507853,-0.18324607329842932,-0.23036649214659685,-0.14659685863874344,-0.14397905759162305,0.08900523560209424,-0.450261780104712,-0.07591623036649214,-0.36649214659685864,-0.07591623036649214,-0.2486910994764398,-0.034031413612565446,-0.20157068062827224
1,0.0,0.0,-0.17754569190600522,-0.05221932114882506,-0.3342036553524804,-0.19843342036553524,-0.38642297650130547,-0.3681462140992167,-0.3028720626631854,-0.4856396866840731,-0.24804177545691905,-0.46736292428198434,-0.2845953002610966,-0.7154046997389034,-0.2950391644908616,-0.8694516971279374,-0.3028720626631854,-1.0,-0.12010443864229765,-0.5013054830287206,-0.21671018276762402,-0.47780678851174935,-0.22715404699738903,-0.29765013054830286,-0.21409921671018275,-0.17232375979112272,-0.005221932114882507,-0.4908616187989556,-0.11488250652741515,-0.40992167101827676,-0.13315926892950392,-0.24281984334203655,-0.13315926892950392,-0.13577023498694518,0.09921671018276762,-0.4490861618798956,-0.005221932114882507,-0.3681462140992167,-0.02349869451697128,-0.2506527415143603,-0.018276762402088774,-0.185378590078329
1,0.0,0.0,-0.17447916666666666,-0.044270833333333336,-0.328125,-0.18489583333333334,-0.375,-0.3515625,-0.2890625,-0.4765625,-0.2578125,-0.4479166666666667,-0.3046875,-0.7083333333333334,-0.3151041666666667,-0.8645833333333334,-0.3203125,-1.0,-0.12760416666666666,-0.4583333333333333,-0.203125,-0.4869791666666667,-0.2109375,-0.296875,-0.1953125,-0.171875,-0.013020833333333334,-0.4401041666666667,-0.09375,-0.4348958333333333,-0.1171875,-0.2552083333333333,-0.12239583333333333,-0.140625,0.1015625,-0.4010416666666667,0.018229166666666668,-0.3958333333333333,-0.013020833333333334,-0.265625,-0.020833333333333332,-0.18229166666666666
1,0.0,0.0,-0.1657754010695187,-0.06149732620320856,-0.29411764705882354,-0.20588235294117646,-0.3181818181818182,-0.3609625668449198,-0.24331550802139038,-0.47058823529411764,-0.23529411764705882,-0.46524064171123,-0.27807486631016043,-0.713903743315508,-0.2807486631016043,-0.8689839572192514,-0.2807486631016043,-1.0,-0.10160427807486631,-0.4625668449197861,-0.14705882352941177,-0.4946524064171123,-0.15508021390374332,-0.3181818181818182,-0.15240641711229946,-0.18449197860962566,0.0213903743315508,-0.43315508021390375,-0.034759358288770054,-0.42780748663101603,-0.06149732620320856,-0.25935828877005346,-0.07754010695187166,-0.14171122994652408,0.14171122994652408,-0.3877005347593583,0.07754010695187166,-0.3877005347593583,0.03208556149732621,-0.25935828877005346,0.0053475935828877,-0.16844919786096257
1,0.0,0.0,-0.14652956298200515,-0.06940874035989718,-0.2416452442159383,-0.2210796915167095,-0.22879177377892032,-0.37017994858611825,-0.15938303341902313,-0.4755784061696658,-0.19794344473007713,-0.44473007712082263,-0.2365038560411311,-0.7017994858611826,-0.23393316195372751,-0.8637532133676092,-0.2365038560411311,-1.0,-0.06940874035989718,-0.43444730077120824,-0.09254498714652956,-0.4704370179948586,-0.10282776349614396,-0.3059125964010283,-0.11825192802056556,-0.17737789203084833,0.05141388174807198,-0.40102827763496146,0.017994858611825194,-0.41645244215938304,-0.012853470437017995,-0.2544987146529563,-0.043701799485861184,-0.13881748071979436,0.17223650385604114,-0.3496143958868895,0.12339331619537275,-0.37275064267352187,0.07197943444730077,-0.2519280205655527,0.033419023136246784,-0.15938303341902313
1,0.0,0.0,-0.136,-0.088,-0.24,-0.24,-0.25333333333333335,-0.384,-0.17866666666666667,-0.472,-0.14933333333333335,-0.464,-0.17333333333333334,-0.7173333333333334,-0.17066666666666666,-0.8746666666666667,-0.16533333333333333,-1.0,-0.032,-0.44533333333333336,-0.10666666666666667,-0.48533333333333334,-0.12533333333333332,-0.336,-0.12266666666666666,-0.21066666666666667,0.07466666666666667,-0.408,-0.018666666666666668,-0.41333333333333333,-0.042666666666666665,-0.2693333333333333,-0.048,-0.16266666666666665,0.18666666666666668,-0.35733333333333334,0.08,-0.3626666666666667,0.032,-0.25066666666666665,0.016,-0.168
1,0.0,0.0,-0.1781609195402299,-0.07758620689655173,-0.3275862068965517,-0.22988505747126436,-0.3879310344827586,-0.39080459770114945,-0.3132183908045977,-0.4942528735632184,-0.1896551724137931,-0.4827586206896552,-0.26436781609195403,-0.7270114942528736,-0.3045977011494253,-0.8764367816091954,-0.3275862068965517,-1.0,-0.06896551724137931,-0.5028735632183908,-0.22126436781609196,-0.47988505747126436,-0.23563218390804597,-0.3103448275862069,-0.20114942528735633,-0.1867816091954023,0.031609195402298854,-0.48563218390804597,-0.1206896551724138,-0.4281609195402299,-0.14655172413793102,-0.27011494252873564,-0.12931034482758622,-0.16091954022988506,0.12931034482758622,-0.4367816091954023,-0.008620689655172414,-0.39655172413793105,-0.05459770114942529,-0.28448275862068967,-0.05172413793103448,-0.20689655172413793
1,0.0,0.0,-0.20057306590257878,-0.07736389684813753,-0.35816618911174786,-0.21203438395415472,-0.45272206303724927,-0.3524355300859599,-0.41260744985673353,-0.48424068767908307,-0.2148997134670487,-0.49283667621776506,-0.3037249283667622,-0.7249283667621776,-0.35816618911174786,-0.8739255014326648,-0.3954154727793696,-1.0,-0.10315186246418338,-0.5100286532951289,-0.3037249283667622,-0.5071633237822349,-0.3209169054441261,-0.3008595988538682,-0.2722063037249284,-0.18051575931232092,-0.014326647564469915,-0.4899713467048711,-0.22349570200573066,-0.4469914040114613,-0.22636103151862463,-0.2636103151862464,-0.17478510028653296,-0.16905444126074498,0.06303724928366762,-0.4383954154727794,-0.12034383954154727,-0.4040114613180516,-0.12034383954154727,-0.28653295128939826,-0.06303724928366762,-0.22922636103151864
1,0.0,0.0,-0.1763085399449036,-0.06887052341597796,-0.31955922865013775,-0.209366391184573,-0.38292011019283745,-0.349862258953168,-0.33884297520661155,-0.45454545454545453,-0.1790633608815427,-0.512396694214876,-0.256198347107438,-0.7327823691460055,-0.3085399449035813,-0.8787878787878788,-0.33884297520661155,-1.0,-0.05234159779614325,-0.5316804407713499,-0.2534435261707989,-0.465564738292011,-0.2644628099173554,-0.2975206611570248,-0.2066115702479339,-0.21487603305785125,0.04132231404958678,-0.4903581267217631,-0.17079889807162535,-0.38292011019283745,-0.17355371900826447,-0.24517906336088155,-0.1184573002754821,-0.1928374655647383,0.10743801652892562,-0.418732782369146,-0.08539944903581267,-0.33608815426997246,-0.10192837465564739,-0.22865013774104684,-0.06611570247933884,-0.18457300275482094
1,0.0,0.0,-0.3299492385786802,0.0,-0.5786802030456852,-0.34517766497461927,-0.6142131979695431,-0.6903553299492385,-0.37055837563451777,-0.8121827411167513,-0.24873096446700507,-0.7715736040609137,-0.3401015228426396,-1.0,-0.4517766497461929,-0.7360406091370558,-0.4720812182741117,-0.49238578680203043,-0.005076142131979695,-0.7106598984771574,-0.12690355329949238,-0.8426395939086294,-0.25380710659898476,-0.5634517766497462,-0.2893401015228426,-0.3248730964467005,0.2233502538071066,-0.6040609137055838,0.09137055837563451,-0.6954314720812182,-0.05583756345177665,-0.45685279187817257,-0.12690355329949238,-0.23857868020304568,0.4365482233502538,-0.4619289340101523,0.26903553299492383,-0.5685279187817259,0.116751269035533,-0.41116751269035534,0.025380710659898477,-0.24873096446700507
1,0.0,0.0,-0.12949640287769784,-0.08393285371702638,-0.19424460431654678,-0.2589928057553957,-0.1486810551558753,-0.39568345323741005,-0.06474820143884892,-0.4748201438848921,-0.12709832134292565,-0.48201438848920863,-0.14388489208633093,-0.7290167865707434,-0.12470023980815348,-0.8776978417266187,-0.10311750599520383,-1.0,0.004796163069544364,-0.44844124700239807,0.009592326139088728,-0.47721822541966424,-0.03117505995203837,-0.3213429256594724,-0.07673860911270983,-0.2038369304556355,0.12949640287769784,-0.38609112709832133,0.12470023980815348,-0.3908872901678657,0.06235011990407674,-0.24940047961630696,0.004796163069544364,-0.15827338129496402,0.2422062350119904,-0.30935251798561153,0.23741007194244604,-0.3237410071942446,0.1630695443645084,-0.2182254196642686,0.09592326139088729,-0.1486810551558753
1,0.0,0.0,-0.23979591836734693,-0.07653061224489796,-0.37755102040816324,-0.4336734693877551,-0.3520408163265306,-0.7193877551020408,-0.16326530612244897,-0.8061224489795918,0.02040816326530612,-0.8061224489795918,-0.11734693877551021,-1.0,-0.23469387755102042,-0.7806122448979592,-0.2755102040816326,-0.5663265306122449,0.22959183673469388,-0.7346938775510204,0.04591836734693878,-0.8316326530612245,-0.09693877551020408,-0.5969387755102041,-0.1326530612244898,-0.3877551020408163,0.413265306122449,-0.6122448979591837,0.22448979591836735,-0.6938775510204082,0.07142857142857142,-0.4846938775510204,0.02040816326530612,-0.3010204081632653,0.576530612244898,-0.45408163265306123,0.37755102040816324,-0.5459183673469388,0.22959183673469388,-0.42346938775510207,0.17857142857142858,-0.2857142857142857
1,0.0,0.0,-0.2516778523489933,0.0,-0.4563758389261745,-0.06375838926174497,-0.5805369127516778,-0.21140939597315436,-0.5436241610738255,-0.31208053691275167,-0.2986577181208054,-0.46308724832214765,-0.4463087248322148,-0.7013422818791947,-0.5302013422818792,-0.8624161073825504,-0.5738255033557047,-1.0,-0.16778523489932887,-0.4597315436241611,-0.48322147651006714,-0.39932885906040266,-0.5,-0.21140939597315436,-0.42953020134228187,-0.13758389261744966,-0.06711409395973154,-0.38926174496644295,-0.37919463087248323,-0.2483221476510067,-0.3422818791946309,-0.1040268456375839,-0.24161073825503357,-0.08389261744966443,0.020134228187919462,-0.28187919463087246,-0.26174496644295303,-0.17114093959731544,-0.23825503355704697,-0.07046979865771812,-0.14429530201342283,-0.053691275167785234
1,0.0,0.0,-0.24471299093655588,-0.027190332326283987,-0.40181268882175225,-0.1540785498489426,-0.4984894259818731,-0.27492447129909364,-0.4984894259818731,-0.3987915407854985,-0.23564954682779457,-0.5015105740181269,-0.3716012084592145,-0.716012084592145,-0.45317220543806647,-0.8640483383685801,-0.513595166163142,-1.0,-0.12386706948640483,-0.5045317220543807,-0.4078549848942598,-0.4199395770392749,-0.40483383685800606,-0.2175226586102719,-0.3293051359516616,-0.1268882175226586,-0.04833836858006042,-0.45317220543806647,-0.338368580060423,-0.3293051359516616,-0.3081570996978852,-0.16314199395770393,-0.22658610271903323,-0.10574018126888217,0.006042296072507553,-0.3685800604229607,-0.24169184290030213,-0.28700906344410876,-0.22658610271903323,-0.17220543806646527,-0.15709969788519637,-0.13595166163141995
1,0.0,0.0,-0.22569444444444445,0.0,-0.4236111111111111,-0.09375,-0.5659722222222222,-0.22569444444444445,-0.5520833333333334,-0.2743055555555556,-0.2361111111111111,-0.4305555555555556,-0.3645833333333333,-0.6979166666666666,-0.4479166666666667,-0.8611111111111112,-0.4895833333333333,-1.0,-0.0763888888888889,-0.4270833333333333,-0.3819444444444444,-0.3819444444444444,-0.4305555555555556,-0.19444444444444445,-0.375,-0.10416666666666667,0.04861111111111111,-0.34375,-0.2708333333333333,-0.20833333333333334,-0.2534722222222222,-0.059027777777777776,-0.15625,-0.013888888888888888,0.1423611111111111,-0.22569444444444445,-0.14583333333333334,-0.15625,-0.1909722222222222,-0.0625,-0.14930555555555555,-0.03125
1,0.0,0.0,-0.1814814814814815,0.0,-0.3111111111111111,-0.044444444444444446,-0.3,-0.10740740740740741,-0.18518518518518517,-0.14444444444444443,-0.12962962962962962,-0.32592592592592595,-0.2074074074074074,-0.6259259259259259,-0.2518518518518518,-0.8333333333333334,-0.2814814814814815,-1.0,0.06666666666666667,-0.36666666666666664,0.0,-0.31851851851851853,-0.04814814814814815,-0.17037037037037037,-0.05925925925925926,-0.07037037037037037,0.2037037037037037,-0.3111111111111111,0.13333333333333333,-0.23703703703703705,0.08888888888888889,-0.14074074074074075,0.07777777777777778,-0.05555555555555555,0.29259259259259257,-0.24074074074074073,0.2518518518518518,-0.1814814814814815,0.2074074074074074,-0.1037037037037037,0.1962962962962963,-0.040740740740740744
1,0.0,0.0,-0.15579710144927536,0.0,-0.3115942028985507,-0.04710144927536232,-0.3079710144927536,-0.19202898550724637,-0.13768115942028986,-0.30434782608695654,-0.18840579710144928,-0.4166666666666667,-0.213768115942029,-0.6557971014492754,-0.22826086956521738,-0.8405797101449275,-0.21014492753623187,-1.0,0.03260869565217391,-0.44565217391304346,0.0,-0.2971014492753623,-0.07246376811594203,-0.025362318840579712,-0.08695652173913043,0.0,0.2318840579710145,-0.358695652173913,0.19927536231884058,-0.18478260869565216,0.11956521739130435,0.0,0.09420289855072464,0.0,0.39855072463768115,-0.2318840579710145,0.36594202898550726,-0.08695652173913043,0.2898550724637681,0.0,0.26811594202898553,0.0
2,0.0,0.0,-0.16246498599439776,-0.1092436974789916,-0.24929971988795518,-0.30532212885154064,-0.16246498599439776,-0.45938375350140054,-0.03081232492997199,-0.4957983193277311,-0.16246498599439776,-0.46218487394957986,-0.21568627450980393,-0.6862745098039216,-0.24369747899159663,-0.8207282913165266,-0.2605042016806723,-0.9411764705882353,-0.03361344537815126,-0.46218487394957986,-0.011204481792717087,-0.7058823529411765,0.0056022408963585435,-0.865546218487395,0.03081232492997199,-1.0,0.0896358543417367,-0.41456582633053224,0.11764705882352941,-0.5014005602240896,0.056022408963585436,-0.3557422969187675,0.022408963585434174,-0.24089635854341737,0.20168067226890757,-0.3389355742296919,0.20728291316526612,-0.4257703081232493,0.15966386554621848,-0.3277310924369748,0.12885154061624648,-0.23529411764705882
2,0.0,0.0,-0.14958448753462603,-0.10249307479224377,-0.22437673130193905,-0.2880886426592798,-0.13850415512465375,-0.43490304709141275,-0.0110803324099723,-0.481994459833795,-0.1329639889196676,-0.47645429362880887,-0.18282548476454294,-0.703601108033241,-0.2077562326869806,-0.8421052631578947,-0.22437673130193905,-0.9584487534626038,-0.00554016620498615,-0.47368421052631576,0.019390581717451522,-0.7257617728531855,0.038781163434903045,-0.8753462603878116,0.06371191135734072,-1.0,0.11357340720221606,-0.42382271468144045,0.13573407202216067,-0.5041551246537396,0.07479224376731301,-0.3767313019390582,0.04155124653739612,-0.2770083102493075,0.22160664819944598,-0.34349030470914127,0.22437673130193905,-0.41274238227146814,0.17174515235457063,-0.3157894736842105,0.14127423822714683,-0.23822714681440443
2,0.0,0.0,-0.16666666666666666,-0.07222222222222222,-0.2972222222222222,-0.23333333333333334,-0.2833333333333333,-0.3972222222222222,-0.1638888888888889,-0.4527777777777778,-0.18888888888888888,-0.48333333333333334,-0.25555555555555554,-0.7,-0.29444444444444445,-0.8388888888888889,-0.325,-0.9555555555555556,-0.058333333333333334,-0.48333333333333334,-0.044444444444444446,-0.7194444444444444,-0.044444444444444446,-0.8666666666666667,-0.044444444444444446,-1.0,0.06111111111111111,-0.4361111111111111,0.027777777777777776,-0.5222222222222223,-0.027777777777777776,-0.38333333333333336,-0.04722222222222222,-0.2777777777777778,0.175,-0.35,0.12777777777777777,-0.41944444444444445,0.06944444444444445,-0.31666666666666665,0.04722222222222222,-0.23333333333333334
2,0.0,0.0,-0.19498607242339833,-0.03064066852367688,-0.362116991643454,-0.1671309192200557,-0.4206128133704735,-0.3342618384401114,-0.3342618384401114,-0.4011142061281337,-0.26740947075208915,-0.467966573816156,-0.38997214484679665,-0.6685236768802229,-0.47075208913649025,-0.7966573816155988,-0.5376044568245125,-0.8997214484679665,-0.15041782729805014,-0.49303621169916434,-0.233983286908078,-0.724233983286908,-0.30919220055710306,-0.8746518105849582,-0.36768802228412256,-1.0,-0.036211699164345405,-0.46518105849582175,-0.14763231197771587,-0.4818941504178273,-0.181058495821727,-0.3286908077994429,-0.17548746518105848,-0.2200557103064067,0.07242339832869081,-0.40947075208913647,-0.036211699164345405,-0.42618384401114207,-0.08356545961002786,-0.3147632311977716,-0.08913649025069638,-0.22284122562674094
2,0.0,0.0,-0.18888888888888888,-0.044444444444444446,-0.35833333333333334,-0.19166666666666668,-0.4222222222222222,-0.3527777777777778,-0.325,-0.4111111111111111,-0.26666666666666666,-0.4777777777777778,-0.39166666666666666,-0.6722222222222223,-0.4777777777777778,-0.7916666666666666,-0.5472222222222223,-0.8888888888888888,-0.15,-0.49444444444444446,-0.23055555555555557,-0.7361111111111112,-0.3138888888888889,-0.8805555555555555,-0.375,-1.0,-0.03333333333333333,-0.4638888888888889,-0.17222222222222222,-0.5083333333333333,-0.20277777777777778,-0.3472222222222222,-0.18888888888888888,-0.2361111111111111,0.07777777777777778,-0.40555555555555556,-0.05,-0.44166666666666665,-0.08611111111111111,-0.32222222222222224,-0.07777777777777778,-0.23055555555555557
2,0.0,0.0,-0.15804597701149425,-0.09482758620689655,-0.2672413793103448,-0.29022988505747127,-0.21551724137931033,-0.4454022988505747,-0.08333333333333333,-0.47126436781609193,-0.1752873563218391,-0.5287356321839081,-0.2557471264367816,-0.7471264367816092,-0.3045977011494253,-0.882183908045977,-0.34195402298850575,-1.0,-0.04310344827586207,-0.5229885057471264,-0.08045977011494253,-0.603448275862069,-0.09482758620689655,-0.4454022988505747,-0.09482758620689655,-0.3333333333333333,0.07758620689655173,-0.47413793103448276,0.040229885057471264,-0.5258620689655172,0.008620689655172414,-0.3735632183908046,0.005747126436781609,-0.28448275862068967,0.19540229885057472,-0.39655172413793105,0.14942528735632185,-0.4396551724137931,0.09770114942528736,-0.32471264367816094,0.08620689655172414,-0.2557471264367816
2,0.0,0.0,-0.13231552162849872,-0.11959287531806616,-0.178117048346056,-0.30788804071246817,-0.06870229007633588,-0.45038167938931295,0.058524173027989825,-0.4961832061068702,-0.11450381679389313,-0.49363867684478374,-0.13994910941475827,-0.72264631043257,-0.15267175572519084,-0.8651399491094147,-0.15267175572519084,-0.9872773536895675,0.01272264631043257,-0.48091603053435117,0.043256997455470736,-0.7201017811704835,0.06361323155216285,-0.8727735368956743,0.09923664122137404,-1.0,0.1272264631043257,-0.4173027989821883,0.178117048346056,-0.5089058524173028,0.0916030534351145,-0.37404580152671757,0.035623409669211195,-0.272264631043257,0.22646310432569974,-0.3282442748091603,0.24427480916030533,-0.3944020356234097,0.17302798982188294,-0.30279898218829515,0.1272264631043257,-0.22900763358778625
2,0.0,0.0,-0.14058355437665782,-0.1246684350132626,-0.1962864721485411,-0.3156498673740053,-0.10079575596816977,-0.4588859416445623,0.029177718832891247,-0.4986737400530504,-0.1220159151193634,-0.4960212201591512,-0.1724137931034483,-0.726790450928382,-0.1909814323607427,-0.8753315649867374,-0.1989389920424403,-1.0,0.002652519893899204,-0.4854111405835544,0.03183023872679045,-0.713527851458886,0.03978779840848806,-0.8541114058355438,0.050397877984084884,-0.9814323607427056,0.11671087533156499,-0.4297082228116711,0.1246684350132626,-0.519893899204244,0.04774535809018567,-0.38726790450928383,0.005305039787798408,-0.2864721485411141,0.21750663129973474,-0.33687002652519893,0.21220159151193635,-0.41909814323607425,0.13793103448275862,-0.32625994694960214,0.09283819628647215,-0.246684350132626
2,0.0,0.0,-0.17150395778364116,-0.0633245382585752,-0.31398416886543534,-0.22427440633245382,-0.35092348284960423,-0.38258575197889183,-0.25065963060686014,-0.45118733509234826,-0.20316622691292877,-0.47757255936675463,-0.3034300791556728,-0.6754617414248021,-0.3641160949868074,-0.7994722955145118,-0.41160949868073876,-0.9050131926121372,-0.09498680738786279,-0.49604221635883905,-0.1662269129287599,-0.7282321899736148,-0.23482849604221637,-0.8786279683377308,-0.287598944591029,-1.0,0.010554089709762533,-0.46437994722955145,-0.10817941952506596,-0.5118733509234829,-0.1424802110817942,-0.3562005277044855,-0.13720316622691292,-0.24538258575197888,0.10817941952506596,-0.40369393139841686,-0.0079155672823219,-0.44854881266490765,-0.05013192612137203,-0.32981530343007914,-0.052770448548812667,-0.23746701846965698
2,0.0,0.0,-0.1797752808988764,-0.05898876404494382,-0.32865168539325845,-0.2050561797752809,-0.39325842696629215,-0.3455056179775281,-0.3202247191011236,-0.43820224719101125,-0.24157303370786518,-0.47191011235955055,-0.36235955056179775,-0.6741573033707865,-0.4297752808988764,-0.797752808988764,-0.4747191011235955,-0.901685393258427,-0.12921348314606743,-0.5,-0.23314606741573032,-0.7415730337078652,-0.3202247191011236,-0.8820224719101124,-0.3792134831460674,-1.0,-0.016853932584269662,-0.47752808988764045,-0.19101123595505617,-0.5112359550561798,-0.2050561797752809,-0.33707865168539325,-0.17415730337078653,-0.2303370786516854,0.07584269662921349,-0.42134831460674155,-0.09550561797752809,-0.39325842696629215,-0.10112359550561797,-0.26685393258426965,-0.06179775280898876,-0.19662921348314608
2,0.0,0.0,-0.1906158357771261,-0.06158357771260997,-0.36070381231671556,-0.20234604105571846,-0.44281524926686217,-0.3313782991202346,-0.35777126099706746,-0.36950146627565983,-0.28152492668621704,-0.4838709677419355,-0.4281524926686217,-0.6803519061583577,-0.5190615835777126,-0.8064516129032258,-0.5835777126099707,-0.9090909090909091,-0.15249266862170088,-0.5131964809384164,-0.2932551319648094,-0.7331378299120235,-0.39589442815249265,-0.8797653958944281,-0.4633431085043988,-1.0,-0.03225806451612903,-0.4809384164222874,-0.23460410557184752,-0.4310850439882698,-0.2404692082111437,-0.2844574780058651,-0.19648093841642228,-0.21407624633431085,0.04985337243401759,-0.4046920821114369,-0.1466275659824047,-0.3284457478005865,-0.14076246334310852,-0.22580645161290322,-0.09090909090909091,-0.17888563049853373
2,0.0,0.0,-0.18006430868167203,0.0,-0.3183279742765273,-0.13183279742765272,-0.3311897106109325,-0.24758842443729903,-0.22508038585209003,-0.2797427652733119,-0.2508038585209003,-0.4180064308681672,-0.3536977491961415,-0.6463022508038585,-0.4180064308681672,-0.7845659163987139,-0.4630225080385852,-0.9035369774919614,-0.08681672025723473,-0.45016077170418006,-0.1639871382636656,-0.6913183279742765,-0.2282958199356913,-0.8488745980707395,-0.2797427652733119,-1.0,0.07717041800643087,-0.40836012861736337,-0.09646302250803858,-0.3440514469453376,-0.1157556270096463,-0.1864951768488746,-0.08681672025723473,-0.1157556270096463,0.2057877813504823,-0.31189710610932475,0.03215434083601286,-0.22508038585209003,0.012861736334405145,-0.1189710610932476,0.04823151125401929,-0.07717041800643087
2,0.0,0.0,-0.12982456140350876,0.0,-0.1824561403508772,-0.04912280701754386,-0.0456140350877193,-0.12280701754385964,0.11929824561403508,-0.1368421052631579,-0.08421052631578947,-0.3473684210526316,-0.14385964912280702,-0.6350877192982456,-0.17894736842105263,-0.8210526315789474,-0.19649122807017544,-0.9789473684210527,0.07719298245614035,-0.3333333333333333,0.07719298245614035,-0.624561403508772,0.08070175438596491,-0.8315789473684211,0.08421052631578947,-1.0,0.21052631578947367,-0.24561403508771928,0.2807017543859649,-0.26666666666666666,0.23508771929824562,-0.12280701754385964,0.1824561403508772,-0.010526315789473684,0.312280701754386,-0.11578947368421053,0.37543859649122807,-0.11578947368421053,0.3263157894736842,-0.017543859649122806,0.2771929824561403,0.0
2,0.0,0.0,-0.12333333333333334,0.0,-0.16,-0.08,0.03,-0.14333333333333334,0.24,-0.16666666666666666,-0.06,-0.36333333333333334,-0.08333333333333333,-0.6333333333333333,-0.09,-0.8233333333333334,-0.08,-0.98,0.11,-0.3466666666666667,0.21666666666666667,-0.6466666666666666,0.2733333333333333,-0.83,0.3333333333333333,-1.0,0.24666666666666667,-0.25333333333333335,0.37666666666666665,-0.27,0.2633333333333333,-0.1,0.16666666666666666,-0.02,0.36,-0.13,0.45666666666666667,-0.11333333333333333,0.36333333333333334,-0.006666666666666667,0.25666666666666665,0.0
2,0.0,0.0,-0.10684931506849316,-0.11506849315068493,-0.11232876712328767,-0.29863013698630136,0.0410958904109589,-0.38904109589041097,0.17534246575342466,-0.4136986301369863,-0.06301369863013699,-0.5068493150684932,-0.09041095890410959,-0.7232876712328767,-0.09863013698630137,-0.863013698630137,-0.10136986301369863,-0.9780821917808219,0.0684931506849315,-0.4849315068493151,0.12876712328767123,-0.7287671232876712,0.16986301369863013,-0.873972602739726,0.21095890410958903,-1.0,0.18082191780821918,-0.40821917808219177,0.23835616438356164,-0.4575342465753425,0.1643835616438356,-0.3232876712328767,0.11232876712328767,-0.23835616438356164,0.26301369863013696,-0.3013698630136986,0.3013698630136986,-0.34794520547945207,0.2328767123287671,-0.25753424657534246,0.17534246575342466,-0.19726027397260273
2,0.0,0.0,-0.12034383954154727,-0.12607449856733524,-0.13753581661891118,-0.30945558739255014,-0.0028653295128939827,-0.42120343839541546,0.12034383954154727,-0.4670487106017192,-0.10315186246418338,-0.498567335243553,-0.1489971346704871,-0.7163323782234957,-0.16905444126074498,-0.8567335243553008,-0.17765042979942694,-0.9713467048710601,0.02865329512893983,-0.4899713467048711,0.06876790830945559,-0.7363896848137536,0.09742120343839542,-0.8767908309455588,0.1318051575931232,-1.0,0.14613180515759314,-0.42406876790830944,0.20057306590257878,-0.47564469914040114,0.1174785100286533,-0.34097421203438394,0.06876790830945559,-0.25787965616045844,0.2349570200573066,-0.32951289398280803,0.2521489971346705,-0.3753581661891118,0.1833810888252149,-0.2722063037249284,0.14040114613180515,-0.20916905444126074
2,0.0,0.0,-0.15614617940199335,-0.11960132890365449,-0.21262458471760798,-0.2757475083056478,-0.06976744186046512,-0.3388704318936877,0.07641196013289037,-0.3488372093023256,-0.10299003322259136,-0.4850498338870432,-0.15946843853820597,-0.6943521594684385,-0.18604651162790697,-0.8172757475083057,-0.2059800664451827,-0.9302325581395349,0.05647840531561462,-0.47840531561461797,0.10631229235880399,-0.7142857142857143,0.13953488372093023,-0.8704318936877077,0.1760797342192691,-1.0,0.18272425249169436,-0.40863787375415284,0.15946843853820597,-0.4186046511627907,0.08970099667774087,-0.30564784053156147,0.04983388704318937,-0.23588039867109634,0.2823920265780731,-0.3023255813953488,0.2425249169435216,-0.3023255813953488,0.16611295681063123,-0.23920265780730898,0.11960132890365449,-0.19601328903654486
2,0.0,0.0,-0.18021201413427562,-0.08480565371024736,-0.2332155477031802,-0.22968197879858657,-0.06007067137809187,-0.2968197879858657,0.10247349823321555,-0.3286219081272085,-0.14487632508833923,-0.4452296819787986,-0.19434628975265017,-0.6395759717314488,-0.2226148409893993,-0.7667844522968198,-0.24028268551236748,-0.8869257950530035,0.0176678445229682,-0.4664310954063604,0.06713780918727916,-0.696113074204947,0.10600706713780919,-0.8515901060070671,0.14487632508833923,-1.0,0.14840989399293286,-0.4098939929328622,0.14840989399293286,-0.392226148409894,0.08833922261484099,-0.27208480565371024,0.05653710247349823,-0.21201413427561838,0.2508833922261484,-0.31448763250883394,0.2332155477031802,-0.29328621908127206,0.16607773851590105,-0.22614840989399293,0.12367491166077739,-0.19434628975265017
2,0.0,0.0,-0.1752988047808765,-0.0796812749003984,-0.2749003984063745,-0.2151394422310757,-0.1394422310756972,-0.2788844621513944,0.027888446215139442,-0.2908366533864542,-0.1952191235059761,-0.450199203187251,-0.27091633466135456,-0.6334661354581673,-0.3107569721115538,-0.749003984063745,-0.33067729083665337,-0.852589641434263,-0.035856573705179286,-0.47808764940239046,0.01195219123505976,-0.7091633466135459,0.04780876494023904,-0.8645418326693227,0.08764940239043825,-1.0,0.10358565737051793,-0.4342629482071713,0.1394422310756972,-0.46215139442231074,0.09561752988047809,-0.32669322709163345,0.06772908366533864,-0.22709163346613545,0.22709163346613545,-0.3466135458167331,0.2589641434262948,-0.398406374501992,0.22709163346613545,-0.3187250996015936,0.199203187250996,-0.24701195219123506
2,0.0,0.0,-0.20306513409961685,0.0038314176245210726,-0.3563218390804598,-0.07662835249042145,-0.26436781609195403,-0.17624521072796934,-0.11877394636015326,-0.23754789272030652,-0.31417624521072796,-0.36015325670498083,-0.49808429118773945,-0.5363984674329502,-0.6168582375478927,-0.6666666666666666,-0.7088122605363985,-0.7777777777777778,-0.15708812260536398,-0.41762452107279696,-0.2413793103448276,-0.6590038314176245,-0.2950191570881226,-0.8275862068965517,-0.32950191570881227,-1.0,0.0,-0.4061302681992337,-0.022988505747126436,-0.3716475095785441,-0.038314176245210725,-0.21839080459770116,-0.0421455938697318,-0.15708812260536398,0.14559386973180077,-0.36015325670498083,0.11494252873563218,-0.31800766283524906,0.08812260536398467,-0.20306513409961685,0.07279693486590039,-0.1532567049808429
2,0.0,0.0,-0.17073170731707318,-0.03353658536585366,-0.31097560975609756,-0.17682926829268292,-0.2682926829268293,-0.3201219512195122,-0.14939024390243902,-0.39939024390243905,-0.27439024390243905,-0.4481707317073171,-0.4054878048780488,-0.6280487804878049,-0.49390243902439024,-0.7469512195121951,-0.5609756097560976,-0.8475609756097561,-0.14329268292682926,-0.47560975609756095,-0.21951219512195122,-0.7103658536585366,-0.28353658536585363,-0.8597560975609756,-0.32621951219512196,-1.0,-0.006097560975609756,-0.4481707317073171,-0.09451219512195122,-0.4451219512195122,-0.12804878048780488,-0.3018292682926829,-0.125,-0.21951219512195122,0.11585365853658537,-0.3871951219512195,0.01524390243902439,-0.35365853658536583,-0.018292682926829267,-0.24390243902439024,-0.012195121951219513,-0.18292682926829268
2,0.0,0.0,-0.16101694915254236,-0.05367231638418079,-0.3050847457627119,-0.18926553672316385,-0.3446327683615819,-0.3333333333333333,-0.2542372881355932,-0.4124293785310734,-0.2288135593220339,-0.4548022598870056,-0.3502824858757062,-0.6468926553672316,-0.4209039548022599,-0.768361581920904,-0.4689265536723164,-0.8700564971751412,-0.11864406779661017,-0.4774011299435028,-0.1807909604519774,-0.7175141242937854,-0.2231638418079096,-0.867231638418079,-0.2457627118644068,-1.0,-0.00847457627118644,-0.4491525423728814,-0.1553672316384181,-0.4717514124293785,-0.18926553672316385,-0.3333333333333333,-0.17231638418079095,-0.24293785310734464,0.08192090395480225,-0.384180790960452,-0.07909604519774012,-0.3785310734463277,-0.11299435028248588,-0.2627118644067797,-0.096045197740113,-0.18926553672316385
2,0.0,0.0,-0.17391304347826086,-0.0625,-0.28532608695652173,-0.22010869565217392,-0.32065217391304346,-0.3532608695652174,-0.25815217391304346,-0.4429347826086957,-0.16032608695652173,-0.48641304347826086,-0.22282608695652173,-0.6875,-0.25,-0.8043478260869565,-0.2554347826086957,-0.9021739130434783,-0.05434782608695652,-0.4891304347826087,-0.059782608695652176,-0.7309782608695652,-0.06521739130434782,-0.8777173913043478,-0.057065217391304345,-1.0,0.029891304347826088,-0.4483695652173913,-0.1358695652173913,-0.5380434782608695,-0.19021739130434784,-0.39402173913043476,-0.1766304347826087,-0.30434782608695654,0.07880434782608696,-0.375,-0.10597826086956522,-0.4076086956521739,-0.15217391304347827,-0.2907608695652174,-0.1358695652173913,-0.21195652173913043
2,0.0,0.0,-0.2140921409214092,-0.10298102981029811,-0.2953929539295393,-0.27371273712737126,-0.3143631436314363,-0.42005420054200543,-0.25745257452574527,-0.5392953929539296,-0.15176151761517614,-0.48509485094850946,-0.14905149051490515,-0.7018970189701897,-0.13279132791327913,-0.8211382113821138,-0.10569105691056911,-0.924119241192412,-0.07046070460704607,-0.4878048780487805,-0.016260162601626018,-0.7317073170731707,0.016260162601626018,-0.8807588075880759,0.056910569105691054,-1.0,-0.008130081300813009,-0.44715447154471544,-0.12737127371273713,-0.6233062330623306,-0.20596205962059622,-0.4878048780487805,-0.22493224932249323,-0.3794037940379404,0.032520325203252036,-0.38482384823848237,-0.13279132791327913,-0.5067750677506775,-0.2086720867208672,-0.3956639566395664,-0.2222222222222222,-0.2926829268292683
2,0.0,0.0,-0.2016348773841962,-0.10354223433242507,-0.2779291553133515,-0.2670299727520436,-0.2970027247956403,-0.40599455040871935,-0.23705722070844687,-0.5177111716621253,-0.14168937329700274,-0.48501362397820164,-0.14713896457765668,-0.6920980926430518,-0.1335149863760218,-0.8065395095367848,-0.10899182561307902,-0.9100817438692098,-0.051771117166212535,-0.4904632152588556,-0.013623978201634877,-0.7302452316076294,0.010899182561307902,-0.8801089918256131,0.04087193460490463,-1.0,0.013623978201634877,-0.44959128065395093,-0.1226158038147139,-0.6021798365122616,-0.2125340599455041,-0.4604904632152589,-0.23705722070844687,-0.3542234332425068,0.051771117166212535,-0.3760217983651226,-0.10899182561307902,-0.48501362397820164,-0.18528610354223432,-0.3787465940054496,-0.20435967302452315,-0.2779291553133515
2,0.0,0.0,-0.18528610354223432,-0.05722070844686648,-0.3024523160762943,-0.20435967302452315,-0.34332425068119893,-0.329700272479564,-0.29155313351498635,-0.42779291553133514,-0.2016348773841962,-0.46866485013623976,-0.2452316076294278,-0.6730245231607629,-0.2615803814713896,-0.7983651226158038,-0.25885558583106266,-0.9073569482288828,-0.10626702997275204,-0.47956403269754766,-0.11989100817438691,-0.7220708446866485,-0.1307901907356948,-0.8719346049046321,-0.12806539509536785,-1.0,-0.02452316076294278,-0.44141689373297005,-0.1880108991825613,-0.5231607629427792,-0.23978201634877383,-0.3760217983651226,-0.23433242506811988,-0.2779291553133515,0.027247956403269755,-0.36239782016348776,-0.1444141689373297,-0.4114441416893733,-0.1907356948228883,-0.2970027247956403,-0.1880108991825613,-0.2125340599455041
2,0.0,0.0,-0.15608465608465608,-0.05026455026455026,-0.29894179894179895,-0.16666666666666666,-0.29894179894179895,-0.2671957671957672,-0.23544973544973544,-0.3492063492063492,-0.2328042328042328,-0.48677248677248675,-0.2830687830687831,-0.6798941798941799,-0.31216931216931215,-0.8068783068783069,-0.3253968253968254,-0.9126984126984127,-0.12433862433862433,-0.49206349206349204,-0.15608465608465608,-0.708994708994709,-0.17195767195767195,-0.8677248677248677,-0.17195767195767195,-1.0,-0.015873015873015872,-0.43915343915343913,-0.0873015873015873,-0.5,-0.1402116402116402,-0.38095238095238093,-0.15608465608465608,-0.29365079365079366,0.07142857142857142,-0.3492063492063492,-0.007936507936507936,-0.373015873015873,-0.06349206349206349,-0.28835978835978837,-0.082010582010582,-0.21957671957671956
2,0.0,0.0,-0.1564102564102564,-0.04358974358974359,-0.24615384615384617,-0.19230769230769232,-0.16923076923076924,-0.33589743589743587,-0.0641025641025641,-0.4153846153846154,-0.24871794871794872,-0.441025641025641,-0.3128205128205128,-0.6487179487179487,-0.34615384615384615,-0.7897435897435897,-0.36923076923076925,-0.9051282051282051,-0.1282051282051282,-0.46923076923076923,-0.16153846153846155,-0.7076923076923077,-0.1717948717948718,-0.8615384615384616,-0.16923076923076924,-1.0,-0.010256410256410256,-0.43333333333333335,-0.005128205128205128,-0.5102564102564102,-0.041025641025641026,-0.37435897435897436,-0.05897435897435897,-0.27692307692307694,0.08974358974358974,-0.36153846153846153,0.06153846153846154,-0.38974358974358975,0.020512820512820513,-0.28717948717948716,0.002564102564102564,-0.2153846153846154
2,0.0,0.0,-0.14285714285714285,-0.06349206349206349,-0.1984126984126984,-0.21957671957671956,-0.10052910052910052,-0.37037037037037035,0.0026455026455026454,-0.4603174603174603,-0.21164021164021163,-0.46825396825396826,-0.2751322751322751,-0.6878306878306878,-0.30423280423280424,-0.8253968253968254,-0.32275132275132273,-0.9417989417989417,-0.08465608465608465,-0.4947089947089947,-0.1164021164021164,-0.7301587301587301,-0.12169312169312169,-0.873015873015873,-0.11904761904761904,-1.0,0.037037037037037035,-0.455026455026455,0.10317460317460317,-0.5476190476190477,0.0582010582010582,-0.3941798941798942,0.015873015873015872,-0.2857142857142857,0.1402116402116402,-0.3783068783068783,0.17989417989417988,-0.40476190476190477,0.12962962962962962,-0.2962962962962963,0.07936507936507936,-0.2222222222222222
3,0.0,0.0,-0.1606060606060606,-0.07272727272727272,-0.26666666666666666,-0.2696969696969697,-0.19090909090909092,-0.4303030303030303,-0.06666666666666667,-0.4696969696969697,-0.23636363636363636,-0.4818181818181818,-0.32727272727272727,-0.6818181818181818,-0.3696969696969697,-0.806060606060606,-0.40606060606060607,-0.9181818181818182,-0.11515151515151516,-0.5212121212121212,-0.17272727272727273,-0.7484848484848485,-0.20909090909090908,-0.8878787878787879,-0.23636363636363636,-1.0,0.0,-0.503030303030303,0.015151515151515152,-0.7242424242424242,-0.0030303030303030303,-0.8606060606060606,-0.01818181818181818,-0.9787878787878788,0.11818181818181818,-0.4393939393939394,0.1,-0.5454545454545454,0.08181818181818182,-0.4666666666666667,0.07878787878787878,-0.37575757575757573
3,0.0,0.0,-0.14626865671641792,-0.08059701492537313,-0.23582089552238805,-0.29253731343283584,-0.14328358208955225,-0.4537313432835821,-0.011940298507462687,-0.47761194029850745,-0.21791044776119403,-0.47761194029850745,-0.29850746268656714,-0.6805970149253732,-0.33134328358208953,-0.8059701492537313,-0.3582089552238806,-0.9134328358208955,-0.0955223880597015,-0.5104477611940299,-0.14925373134328357,-0.7432835820895523,-0.1791044776119403,-0.8895522388059701,-0.20298507462686566,-1.0,0.01791044776119403,-0.48656716417910445,0.04477611940298507,-0.7134328358208956,0.03582089552238806,-0.8537313432835821,0.026865671641791045,-0.9761194029850746,0.13134328358208955,-0.417910447761194,0.13432835820895522,-0.5283582089552239,0.11940298507462686,-0.4507462686567164,0.11940298507462686,-0.3611940298507463
3,0.0,0.0,-0.13256484149855907,-0.07780979827089338,-0.19596541786743515,-0.26512968299711814,-0.10951008645533142,-0.41210374639769454,0.0,-0.46397694524495675,-0.2017291066282421,-0.4812680115273775,-0.25936599423631124,-0.6801152737752162,-0.2824207492795389,-0.8069164265129684,-0.3025936599423631,-0.9135446685878963,-0.08357348703170028,-0.5100864553314121,-0.11527377521613832,-0.7435158501440923,-0.12968299711815562,-0.8847262247838616,-0.14121037463976946,-1.0,0.025936599423631124,-0.4812680115273775,0.06051873198847262,-0.6974063400576369,0.069164265129683,-0.829971181556196,0.07204610951008646,-0.9423631123919308,0.138328530259366,-0.4092219020172911,0.1585014409221902,-0.5072046109510087,0.14985590778097982,-0.4438040345821326,0.14985590778097982,-0.3688760806916426
3,0.0,0.0,-0.1529745042492918,-0.0764872521246459,-0.23512747875354106,-0.2804532577903683,-0.13031161473087818,-0.42209631728045327,0.0113314447592068,-0.44192634560906513,-0.19263456090651557,-0.48441926345609065,-0.26628895184135976,-0.6770538243626062,-0.3031161473087819,-0.8073654390934845,-0.3286118980169972,-0.9206798866855525,-0.07365439093484419,-0.509915014164306,-0.1048158640226629,-0.7337110481586402,-0.12464589235127478,-0.8753541076487252,-0.1359773371104816,-1.0,0.036827195467422094,-0.48441926345609065,0.0708215297450425,-0.6940509915014165,0.06515580736543909,-0.8328611898016998,0.0708215297450425,-0.9518413597733711,0.1388101983002833,-0.41359773371104813,0.13314447592067988,-0.5014164305949008,0.10764872521246459,-0.42209631728045327,0.1048158640226629,-0.3342776203966006
3,0.0,0.0,-0.1786743515850144,-0.08069164265129683,-0.28530259365994237,-0.2564841498559078,-0.23054755043227665,-0.3976945244956772,-0.13256484149855907,-0.45821325648414984,-0.2219020172910663,-0.5043227665706052,-0.29971181556195964,-0.6801152737752162,-0.35446685878962536,-0.8011527377521613,-0.3976945244956772,-0.9048991354466859,-0.11239193083573487,-0.5446685878962536,-0.15273775216138327,-0.7521613832853026,-0.1844380403458213,-0.8904899135446686,-0.21037463976945245,-1.0,-0.002881844380403458,-0.5273775216138329,-0.005763688760806916,-0.7118155619596542,-0.037463976945244955,-0.8270893371757925,-0.06051873198847262,-0.9164265129682997,0.10951008645533142,-0.47262247838616717,0.04899135446685879,-0.5244956772334294,-0.020172910662824207,-0.49279538904899134,-0.07204610951008646,-0.45244956772334294
3,0.0,0.0,-0.17681159420289855,-0.05217391304347826,-0.33043478260869563,-0.24057971014492754,-0.30434782608695654,-0.39710144927536234,-0.17391304347826086,-0.4463768115942029,-0.26666666666666666,-0.4927536231884058,-0.37971014492753624,-0.6579710144927536,-0.4492753623188406,-0.7710144927536232,-0.5101449275362319,-0.8782608695652174,-0.15942028985507245,-0.5304347826086957,-0.24347826086956523,-0.7391304347826086,-0.30434782608695654,-0.8753623188405797,-0.3507246376811594,-1.0,-0.0463768115942029,-0.5159420289855072,-0.09565217391304348,-0.7101449275362319,-0.17391304347826086,-0.8405797101449275,-0.2318840579710145,-0.9536231884057971,0.06956521739130435,-0.45507246376811594,-0.043478260869565216,-0.5043478260869565,-0.10434782608695652,-0.3884057971014493,-0.13043478260869565,-0.2753623188405797
3,0.0,0.0,-0.19814241486068113,-0.030959752321981424,-0.37770897832817335,-0.21671826625386997,-0.3746130030959752,-0.39628482972136225,-0.23839009287925697,-0.48606811145510836,-0.33126934984520123,-0.4674922600619195,-0.47058823529411764,-0.6377708978328174,-0.5603715170278638,-0.7492260061919505,-0.6377708978328174,-0.8544891640866873,-0.22291021671826625,-0.5170278637770898,-0.34674922600619196,-0.7306501547987616,-0.42105263157894735,-0.8730650154798761,-0.48297213622291024,-1.0,-0.10835913312693499,-0.5170278637770898,-0.2043343653250774,-0.7213622291021672,-0.30340557275541796,-0.8668730650154799,-0.3746130030959752,-0.9938080495356038,0.018575851393188854,-0.47368421052631576,-0.12693498452012383,-0.5170278637770898,-0.18575851393188855,-0.38390092879256965,-0.19814241486068113,-0.25386996904024767
3,0.0,0.0,-0.18960244648318042,-0.039755351681957186,-0.37003058103975534,-0.21406727828746178,-0.363914373088685,-0.37920489296636084,-0.23547400611620795,-0.45565749235474007,-0.3211009174311927,-0.4954128440366973,-0.4617737003058104,-0.6513761467889908,-0.5504587155963303,-0.7553516819571865,-0.6330275229357798,-0.8532110091743119,-0.21406727828746178,-0.5382262996941896,-0.3302752293577982,-0.7431192660550459,-0.40672782874617736,-0.8776758409785933,-0.4740061162079511,-1.0,-0.09480122324159021,-0.5290519877675841,-0.18042813455657492,-0.7247706422018348,-0.28134556574923547,-0.8654434250764526,-0.3547400611620795,-0.9908256880733946,0.027522935779816515,-0.4709480122324159,-0.11926605504587157,-0.5045871559633027,-0.18042813455657492,-0.3730886850152905,-0.2018348623853211,-0.25076452599388377
3,0.0,0.0,-0.16666666666666666,-0.0625,-0.2838541666666667,-0.2604166666666667,-0.1953125,-0.4088541666666667,-0.06770833333333333,-0.4583333333333333,-0.2578125,-0.4921875,-0.3645833333333333,-0.6614583333333334,-0.4296875,-0.78125,-0.4817708333333333,-0.8880208333333334,-0.14583333333333334,-0.53125,-0.21875,-0.7395833333333334,-0.2708333333333333,-0.8776041666666666,-0.2994791666666667,-1.0,-0.028645833333333332,-0.515625,-0.041666666666666664,-0.71875,-0.09375,-0.8541666666666666,-0.12239583333333333,-0.9791666666666666,0.09895833333333333,-0.4479166666666667,0.033854166666666664,-0.4921875,-0.010416666666666666,-0.375,-0.018229166666666668,-0.2734375
3,0.0,0.0,-0.1450381679389313,-0.07888040712468193,-0.22900763358778625,-0.26717557251908397,-0.11704834605597965,-0.40458015267175573,0.02544529262086514,-0.42748091603053434,-0.2340966921119593,-0.4580152671755725,-0.3256997455470738,-0.6539440203562341,-0.366412213740458,-0.7811704834605598,-0.3994910941475827,-0.8905852417302799,-0.11704834605597965,-0.5012722646310432,-0.16539440203562342,-0.732824427480916,-0.19083969465648856,-0.8778625954198473,-0.20610687022900764,-1.0,-0.005089058524173028,-0.4860050890585242,0.015267175572519083,-0.6946564885496184,0.005089058524173028,-0.8346055979643766,0.0,-0.9567430025445293,0.10941475826972011,-0.42748091603053434,0.09414758269720101,-0.4910941475826972,0.08142493638676845,-0.40458015267175573,0.0916030534351145,-0.3155216284987277
3,0.0,0.0,-0.1279373368146214,-0.09660574412532637,-0.15926892950391644,-0.26109660574412535,-0.03655352480417755,-0.381201044386423,0.08616187989556136,-0.4308093994778068,-0.18276762402088773,-0.4699738903394256,-0.2297650130548303,-0.6814621409921671,-0.24281984334203655,-0.8198433420365535,-0.24804177545691905,-0.9347258485639687,-0.05483028720626632,-0.4960835509138381,-0.06788511749347259,-0.7310704960835509,-0.06005221932114883,-0.8798955613577023,-0.04960835509138381,-1.0,0.06005221932114883,-0.4621409921671018,0.1122715404699739,-0.6631853785900783,0.14882506527415143,-0.7989556135770235,0.17754569190600522,-0.9112271540469974,0.1618798955613577,-0.3838120104438642,0.20887728459530025,-0.4751958224543081,0.2245430809399478,-0.4490861618798956,0.2402088772845953,-0.40992167101827676
3,0.0,0.0,-0.11195928753180662,-0.10687022900763359,-0.13486005089058525,-0.3104325699745547,-0.005089058524173028,-0.42493638676844786,0.11959287531806616,-0.4300254452926209,-0.13994910941475827,-0.47837150127226463,-0.178117048346056,-0.6793893129770993,-0.1806615776081425,-0.811704834605598,-0.18575063613231552,-0.926208651399491,-0.017811704834605598,-0.49872773536895676,-0.017811704834605598,-0.7251908396946565,-0.007633587786259542,-0.8753180661577609,-0.002544529262086514,-1.0,0.089058524173028,-0.46564885496183206,0.1450381679389313,-0.6463104325699746,0.17557251908396945,-0.7811704834605598,0.2035623409669211,-0.9033078880407125,0.19083969465648856,-0.38676844783715014,0.19338422391857507,-0.4631043256997455,0.1628498727735369,-0.37659033078880405,0.15012722646310434,-0.2824427480916031
3,0.0,0.0,-0.11977715877437325,-0.09192200557103064,-0.15598885793871867,-0.28969359331476324,-0.03064066852367688,-0.40668523676880225,0.10306406685236769,-0.40947075208913647,-0.14763231197771587,-0.4818941504178273,-0.20612813370473537,-0.6768802228412256,-0.22841225626740946,-0.7994428969359332,-0.2479108635097493,-0.9052924791086351,-0.033426183844011144,-0.5013927576601671,-0.04178272980501393,-0.7270194986072424,-0.04456824512534819,-0.8774373259052924,-0.04735376044568245,-1.0,0.06963788300835655,-0.467966573816156,0.116991643454039,-0.6518105849582173,0.12534818941504178,-0.7966573816155988,0.13649025069637882,-0.9220055710306406,0.15877437325905291,-0.3871866295264624,0.15877437325905291,-0.4373259052924791,0.12813370473537605,-0.3370473537604457,0.11420612813370473,-0.23119777158774374
3,0.0,0.0,-0.13675213675213677,-0.08547008547008547,-0.21652421652421652,-0.2792022792022792,-0.1168091168091168,-0.396011396011396,0.014245014245014245,-0.4045584045584046,-0.17094017094017094,-0.47863247863247865,-0.25071225071225073,-0.6609686609686609,-0.2934472934472934,-0.7806267806267806,-0.3190883190883191,-0.8917378917378918,-0.05982905982905983,-0.5071225071225072,-0.10256410256410256,-0.7293447293447294,-0.1225071225071225,-0.8746438746438746,-0.12535612535612536,-1.0,0.045584045584045586,-0.47863247863247865,0.07977207977207977,-0.6638176638176638,0.07977207977207977,-0.7977207977207977,0.09686609686609686,-0.9145299145299145,0.1452991452991453,-0.4017094017094017,0.07122507122507123,-0.4358974358974359,0.008547008547008548,-0.3418803418803419,-0.011396011396011397,-0.2564102564102564
3,0.0,0.0,-0.1831831831831832,-0.06006006006006006,-0.3183183183183183,-0.23123123123123124,-0.25225225225225223,-0.3633633633633634,-0.12612612612612611,-0.42342342342342343,-0.30930930930930933,-0.4744744744744745,-0.4144144144144144,-0.6366366366366366,-0.47147147147147145,-0.7387387387387387,-0.5105105105105106,-0.8438438438438438,-0.1831831831831832,-0.5165165165165165,-0.24324324324324326,-0.7297297297297297,-0.27927927927927926,-0.8708708708708709,-0.3003003003003003,-1.0,-0.057057057057057055,-0.4924924924924925,-0.06606606606606606,-0.6816816816816816,-0.10810810810810811,-0.8108108108108109,-0.13813813813813813,-0.933933933933934,0.07207207207207207,-0.42342342342342343,0.006006006006006006,-0.45645645645645644,-0.04504504504504504,-0.34234234234234234,-0.06906906906906907,-0.24624624624624625
3,0.0,0.0,-0.1935483870967742,-0.04516129032258064,-0.34838709677419355,-0.22903225806451613,-0.3387096774193548,-0.38064516129032255,-0.23225806451612904,-0.4612903225806452,-0.29354838709677417,-0.46774193548387094,-0.43548387096774194,-0.6258064516129033,-0.5451612903225806,-0.7258064516129032,-0.6419354838709678,-0.8258064516129032,-0.19032258064516128,-0.5064516129032258,-0.3193548387096774,-0.7225806451612903,-0.4129032258064516,-0.867741935483871,-0.4870967741935484,-1.0,-0.08064516129032258,-0.5,-0.18064516129032257,-0.7,-0.29354838709677417,-0.832258064516129,-0.3774193548387097,-0.9516129032258065,0.03870967741935484,-0.4483870967741935,-0.0967741935483871,-0.4838709677419355,-0.16451612903225807,-0.3548387096774194,-0.19032258064516128,-0.23548387096774193
3,0.0,0.0,-0.17777777777777778,-0.044444444444444446,-0.3142857142857143,-0.23492063492063492,-0.30793650793650795,-0.3873015873015873,-0.21587301587301588,-0.47619047619047616,-0.26031746031746034,-0.473015873015873,-0.39365079365079364,-0.6285714285714286,-0.4857142857142857,-0.7333333333333333,-0.5682539682539682,-0.8317460317460318,-0.16507936507936508,-0.5047619047619047,-0.27936507936507937,-0.7206349206349206,-0.35873015873015873,-0.8698412698412699,-0.42857142857142855,-1.0,-0.06349206349206349,-0.49206349206349204,-0.15555555555555556,-0.7015873015873015,-0.25396825396825395,-0.8444444444444444,-0.326984126984127,-0.9650793650793651,0.03492063492063492,-0.44126984126984126,-0.1111111111111111,-0.48253968253968255,-0.1746031746031746,-0.35873015873015873,-0.19365079365079366,-0.23492063492063492
3,0.0,0.0,-0.18042813455657492,-0.0672782874617737,-0.308868501529052,-0.24770642201834864,-0.28134556574923547,-0.39143730886850153,-0.18960244648318042,-0.48623853211009177,-0.26605504587155965,-0.4923547400611621,-0.39755351681957185,-0.6574923547400612,-0.4831804281345566,-0.7614678899082569,-0.5596330275229358,-0.8623853211009175,-0.1620795107033639,-0.5259938837920489,-0.26299694189602446,-0.7339449541284404,-0.3394495412844037,-0.8746177370030581,-0.40061162079510704,-1.0,-0.05198776758409786,-0.5045871559633027,-0.1345565749235474,-0.7033639143730887,-0.2324159021406728,-0.8409785932721713,-0.30275229357798167,-0.9663608562691132,0.06422018348623854,-0.44036697247706424,-0.07951070336391437,-0.4831804281345566,-0.1437308868501529,-0.363914373088685,-0.1620795107033639,-0.25076452599388377
3,0.0,0.0,-0.15789473684210525,-0.0886426592797784,-0.2742382271468144,-0.2770083102493075,-0.20221606648199447,-0.3988919667590028,-0.07479224376731301,-0.4376731301939058,-0.23268698060941828,-0.5263157894736842,-0.3518005540166205,-0.6869806094182825,-0.4099722991689751,-0.7894736842105263,-0.4626038781163435,-0.889196675900277,-0.12188365650969529,-0.556786703601108,-0.20221606648199447,-0.7506925207756233,-0.2520775623268698,-0.8808864265927978,-0.29085872576177285,-1.0,-0.00554016620498615,-0.5263157894736842,-0.030470914127423823,-0.703601108033241,-0.0886426592797784,-0.8365650969529086,-0.12742382271468145,-0.9584487534626038,0.11634349030470914,-0.4487534626038781,0.024930747922437674,-0.4903047091412742,-0.04155124653739612,-0.3767313019390582,-0.07479224376731301,-0.27146814404432135
3,0.0,0.0,-0.16076294277929154,-0.07901907356948229,-0.2506811989100817,-0.28065395095367845,-0.1553133514986376,-0.42779291553133514,-0.02997275204359673,-0.46866485013623976,-0.20708446866485014,-0.4768392370572207,-0.2970027247956403,-0.662125340599455,-0.34332425068119893,-0.784741144414169,-0.3760217983651226,-0.8991825613079019,-0.08991825613079019,-0.5149863760217984,-0.13896457765667575,-0.7302452316076294,-0.16621253405994552,-0.8773841961852861,-0.18256130790190736,-1.0,0.01907356948228883,-0.4986376021798365,0.035422343324250684,-0.6920980926430518,0.01634877384196185,-0.8365122615803815,0.005449591280653951,-0.9618528610354223,0.12806539509536785,-0.43869209809264303,0.07084468664850137,-0.48501362397820164,0.01907356948228883,-0.37057220708446864,-0.0027247956403269754,-0.2670299727520436
3,0.0,0.0,-0.13802816901408452,-0.09859154929577464,-0.2084507042253521,-0.3267605633802817,-0.09859154929577464,-0.476056338028169,0.03943661971830986,-0.4788732394366197,-0.19436619718309858,-0.4676056338028169,-0.2563380281690141,-0.6676056338028169,-0.28169014084507044,-0.8,-0.29859154929577464,-0.9183098591549296,-0.07605633802816901,-0.49295774647887325,-0.09577464788732394,-0.7211267605633803,-0.10704225352112676,-0.8732394366197183,-0.11549295774647887,-1.0,0.03943661971830986,-0.4704225352112676,0.07887323943661972,-0.6816901408450704,0.07042253521126761,-0.8338028169014085,0.07042253521126761,-0.9690140845070423,0.14647887323943662,-0.4084507042253521,0.10140845070422536,-0.49295774647887325,0.05352112676056338,-0.39154929577464787,0.04507042253521127,-0.28732394366197184
3,0.0,0.0,-0.1339031339031339,-0.09971509971509972,-0.19943019943019943,-0.32193732193732194,-0.08831908831908832,-0.4672364672364672,0.042735042735042736,-0.4700854700854701,-0.1908831908831909,-0.4672364672364672,-0.2564102564102564,-0.6723646723646723,-0.2792022792022792,-0.8091168091168092,-0.2962962962962963,-0.9259259259259259,-0.07122507122507123,-0.4928774928774929,-0.08547008547008547,-0.717948717948718,-0.09116809116809117,-0.8746438746438746,-0.09686609686609686,-1.0,0.037037037037037035,-0.4672364672364672,0.08262108262108261,-0.6695156695156695,0.07977207977207977,-0.8148148148148148,0.07977207977207977,-0.9401709401709402,0.1396011396011396,-0.4045584045584046,0.11396011396011396,-0.49002849002849,0.07407407407407407,-0.396011396011396,0.05413105413105413,-0.2962962962962963
